{
  "dataset_comparison": {
    "train_size": 74682,
    "val_size": 1000,
    "sentiments_train": [
      "Positive",
      "Neutral",
      "Negative",
      "Irrelevant"
    ],
    "sentiments_val": [
      "Irrelevant",
      "Neutral",
      "Negative",
      "Positive"
    ]
  },
  "drift_analysis": {
    "sentiment_drift": {
      "ks_statistic": 0.03777729573391181,
      "ks_p_value": 0.11652560781883392,
      "wasserstein_distance": 0.04165750783321279,
      "drift_detected": false
    }
  },
  "feature_drift": {
    "length": {
      "ks_statistic": 0.1393476339680244,
      "ks_p_value": 3.506301929172363e-17,
      "wasserstein_distance": 0.31823697014260205,
      "drift_detected": true,
      "train_mean": 107.78440588093517,
      "train_std": 79.83500396676902,
      "val_mean": 132.607,
      "val_std": 82.63707733820213
    },
    "word_count": {
      "ks_statistic": 0.07864824187889988,
      "ks_p_value": 9.316435997356808e-06,
      "wasserstein_distance": 0.16483810522469367,
      "drift_detected": true,
      "train_mean": 19.05001205109665,
      "train_std": 14.49252902956051,
      "val_mean": 20.94,
      "val_std": 13.49831100545546
    },
    "avg_word_length": {
      "ks_statistic": 0.2105828713746284,
      "ks_p_value": 7.034620068077189e-39,
      "wasserstein_distance": 0.17757821067966506,
      "drift_detected": true,
      "train_mean": 4.8996534961540235,
      "train_std": 4.939356862209342,
      "val_mean": 5.555360909967374,
      "val_std": 1.9321403319408486
    },
    "caps_ratio": {
      "ks_statistic": 0.09919059478857023,
      "ks_p_value": 6.619740976101097e-09,
      "wasserstein_distance": 0.07463738022950767,
      "drift_detected": true,
      "train_mean": 0.08091171450734926,
      "train_std": 0.11733481617315872,
      "val_mean": 0.08956086689266504,
      "val_std": 0.12241653166800083
    },
    "punctuation_count": {
      "ks_statistic": 0.057926006266570296,
      "ks_p_value": 0.002547701093924808,
      "wasserstein_distance": 0.10116862139876887,
      "drift_detected": true,
      "train_mean": 3.5737794917115235,
      "train_std": 7.999250097917682,
      "val_mean": 2.829,
      "val_std": 2.8968532927989292
    },
    "unique_words_ratio": {
      "ks_statistic": 0.05967978897190754,
      "ks_p_value": 0.0016927180652330353,
      "wasserstein_distance": 0.14716655360158915,
      "drift_detected": true,
      "train_mean": 0.9313753681027471,
      "train_std": 0.12713345681703725,
      "val_mean": 0.950085160789967,
      "val_std": 0.064165681951981
    }
  },
  "summary": {
    "total_features": 6,
    "drifted_features_count": 6,
    "drifted_features": [
      "length",
      "word_count",
      "avg_word_length",
      "caps_ratio",
      "punctuation_count",
      "unique_words_ratio"
    ],
    "concept_drift_detected": false,
    "overall_status": "WARNING"
  }
}