{
    "runs": 5,
    "layer_stats": {
        "1": {
            "nb": {
                "count": 4,
                "avg_f1": 0.5811031011237385,
                "avg_accuracy": 0.5984166666666667
            },
            "rf": {
                "count": 3,
                "avg_f1": 0.5654112786535714,
                "avg_accuracy": 0.6016666666666667
            },
            "ridge": {
                "count": 3,
                "avg_f1": 0.611400543873698,
                "avg_accuracy": 0.6393333333333333
            },
            "svc": {
                "count": 2,
                "avg_f1": 0.5631989542291671,
                "avg_accuracy": 0.6098333333333333
            },
            "bag": {
                "count": 2,
                "avg_f1": 0.6671809691929006,
                "avg_accuracy": 0.6898333333333333
            },
            "voting": {
                "count": 3,
                "avg_f1": 0.6240561102911009,
                "avg_accuracy": 0.6473333333333333
            }
        },
        "2": {
            "bag": {
                "count": 1,
                "avg_f1": 0.9760538643317886,
                "avg_accuracy": 0.976
            },
            "rf": {
                "count": 2,
                "avg_f1": 0.6391637431188453,
                "avg_accuracy": 0.6505000000000001
            },
            "lr": {
                "count": 3,
                "avg_f1": 0.6398182217567252,
                "avg_accuracy": 0.6601111111111111
            },
            "voting": {
                "count": 2,
                "avg_f1": 0.7490964142070817,
                "avg_accuracy": 0.758
            }
        },
        "3": {
            "bag": {
                "count": 1,
                "avg_f1": 0.9660301395940103,
                "avg_accuracy": 0.966
            },
            "rf": {
                "count": 1,
                "avg_f1": 0.9026788783596267,
                "avg_accuracy": 0.903
            },
            "voting": {
                "count": 1,
                "avg_f1": 0.9521524739525274,
                "avg_accuracy": 0.952
            }
        }
    }
}