{
    "runs": 1,
    "layer_stats": {
        "1": {
            "nb": {
                "count": 1,
                "avg_f1": 0.9630808615457126,
                "avg_accuracy": 0.963
            },
            "rf": {
                "count": 1,
                "avg_f1": 0.9800008068081534,
                "avg_accuracy": 0.98
            },
            "ridge": {
                "count": 1,
                "avg_f1": 0.9595027866360587,
                "avg_accuracy": 0.96
            },
            "svc": {
                "count": 1,
                "avg_f1": 0.8644235494839752,
                "avg_accuracy": 0.878
            },
            "bag": {
                "count": 1,
                "avg_f1": 0.9631253913039518,
                "avg_accuracy": 0.963
            },
            "voting": {
                "count": 1,
                "avg_f1": 0.9770324885456023,
                "avg_accuracy": 0.977
            }
        },
        "2": {
            "bag": {
                "count": 1,
                "avg_f1": 0.9760538643317886,
                "avg_accuracy": 0.976
            },
            "rf": {
                "count": 1,
                "avg_f1": 0.7866799764700707,
                "avg_accuracy": 0.791
            },
            "lr": {
                "count": 1,
                "avg_f1": 0.9760379348124439,
                "avg_accuracy": 0.976
            },
            "voting": {
                "count": 1,
                "avg_f1": 0.9730378096762518,
                "avg_accuracy": 0.973
            }
        },
        "3": {
            "bag": {
                "count": 1,
                "avg_f1": 0.9660301395940103,
                "avg_accuracy": 0.966
            },
            "rf": {
                "count": 1,
                "avg_f1": 0.9026788783596267,
                "avg_accuracy": 0.903
            },
            "voting": {
                "count": 1,
                "avg_f1": 0.9521524739525274,
                "avg_accuracy": 0.952
            }
        }
    }
}