{
    "runs": 6,
    "layer_stats": {
        "1": {
            "nb": {
                "count": 5,
                "avg_f1": 0.65350483274468,
                "avg_accuracy": 0.6673333333333333
            },
            "rf": {
                "count": 4,
                "avg_f1": 0.6678101755072555,
                "avg_accuracy": 0.6950000000000001
            },
            "ridge": {
                "count": 4,
                "avg_f1": 0.6912801608834287,
                "avg_accuracy": 0.7125
            },
            "svc": {
                "count": 3,
                "avg_f1": 0.6432970901883054,
                "avg_accuracy": 0.6832222222222222
            },
            "bag": {
                "count": 3,
                "avg_f1": 0.7701324808539908,
                "avg_accuracy": 0.7852222222222222
            },
            "voting": {
                "count": 4,
                "avg_f1": 0.7145418197786338,
                "avg_accuracy": 0.732
            }
        },
        "2": {
            "bag": {
                "count": 2,
                "avg_f1": 0.9695258201511738,
                "avg_accuracy": 0.9695
            },
            "rf": {
                "count": 3,
                "avg_f1": 0.7040333685800583,
                "avg_accuracy": 0.7133333333333334
            },
            "lr": {
                "count": 4,
                "avg_f1": 0.7206131103101837,
                "avg_accuracy": 0.7358333333333333
            },
            "voting": {
                "count": 3,
                "avg_f1": 0.8190807725818001,
                "avg_accuracy": 0.825
            }
        },
        "3": {
            "bag": {
                "count": 2,
                "avg_f1": 0.9496609959536497,
                "avg_accuracy": 0.9495
            },
            "rf": {
                "count": 2,
                "avg_f1": 0.8945592028818259,
                "avg_accuracy": 0.8945000000000001
            },
            "voting": {
                "count": 2,
                "avg_f1": 0.9388479581115075,
                "avg_accuracy": 0.9385
            }
        },
        "4": {
            "bag": {
                "count": 1,
                "avg_f1": 0.9322832848106837,
                "avg_accuracy": 0.932
            },
            "lr": {
                "count": 1,
                "avg_f1": 0.9322832848106837,
                "avg_accuracy": 0.932
            },
            "rf": {
                "count": 1,
                "avg_f1": 0.8813005712952403,
                "avg_accuracy": 0.881
            },
            "voting": {
                "count": 1,
                "avg_f1": 0.9284142625729074,
                "avg_accuracy": 0.928
            }
        }
    }
}