{
    "runs": 9,
    "layer_stats": {
        "1": {
            "nb": {
                "count": 7,
                "avg_f1": 0.6037477834254443,
                "avg_accuracy": 0.6195238095238095
            },
            "rf": {
                "count": 5,
                "avg_f1": 0.6134259573785127,
                "avg_accuracy": 0.64
            },
            "ridge": {
                "count": 5,
                "avg_f1": 0.6440848434305657,
                "avg_accuracy": 0.667
            },
            "svc": {
                "count": 5,
                "avg_f1": 0.5556754697102915,
                "avg_accuracy": 0.5953333333333333
            },
            "bag": {
                "count": 4,
                "avg_f1": 0.687656970444154,
                "avg_accuracy": 0.7039166666666666
            },
            "voting": {
                "count": 7,
                "avg_f1": 0.6088786584781616,
                "avg_accuracy": 0.629
            },
            "et": {
                "count": 2,
                "avg_f1": 0.45255534954710674,
                "avg_accuracy": 0.471
            }
        },
        "2": {
            "bag": {
                "count": 3,
                "avg_f1": 0.7987930146633172,
                "avg_accuracy": 0.803
            },
            "rf": {
                "count": 6,
                "avg_f1": 0.5579967885938562,
                "avg_accuracy": 0.5738333333333333
            },
            "lr": {
                "count": 7,
                "avg_f1": 0.6086726253811301,
                "avg_accuracy": 0.6264761904761905
            },
            "voting": {
                "count": 6,
                "avg_f1": 0.6424288303080273,
                "avg_accuracy": 0.6561666666666667
            },
            "ridge": {
                "count": 1,
                "avg_f1": 0.469606238457871,
                "avg_accuracy": 0.484
            }
        },
        "3": {
            "bag": {
                "count": 2,
                "avg_f1": 0.9496609959536497,
                "avg_accuracy": 0.9495
            },
            "rf": {
                "count": 2,
                "avg_f1": 0.8945592028818259,
                "avg_accuracy": 0.8945000000000001
            },
            "voting": {
                "count": 2,
                "avg_f1": 0.9388479581115075,
                "avg_accuracy": 0.9385
            }
        },
        "4": {
            "bag": {
                "count": 1,
                "avg_f1": 0.9322832848106837,
                "avg_accuracy": 0.932
            },
            "lr": {
                "count": 1,
                "avg_f1": 0.9322832848106837,
                "avg_accuracy": 0.932
            },
            "rf": {
                "count": 1,
                "avg_f1": 0.8813005712952403,
                "avg_accuracy": 0.881
            },
            "voting": {
                "count": 1,
                "avg_f1": 0.9284142625729074,
                "avg_accuracy": 0.928
            }
        }
    }
}