{
    "runs": 11,
    "layer_stats": {
        "1": {
            "nb": {
                "count": 7,
                "avg_f1": 0.6037477834254443,
                "avg_accuracy": 0.6195238095238095
            },
            "rf": {
                "count": 6,
                "avg_f1": 0.6142539154239945,
                "avg_accuracy": 0.6373333333333333
            },
            "ridge": {
                "count": 6,
                "avg_f1": 0.6376352716177935,
                "avg_accuracy": 0.6583333333333333
            },
            "svc": {
                "count": 5,
                "avg_f1": 0.5556754697102915,
                "avg_accuracy": 0.5953333333333333
            },
            "bag": {
                "count": 6,
                "avg_f1": 0.5840986614372592,
                "avg_accuracy": 0.6046944444444444
            },
            "voting": {
                "count": 8,
                "avg_f1": 0.5842293373306876,
                "avg_accuracy": 0.6050625000000001
            },
            "et": {
                "count": 2,
                "avg_f1": 0.45255534954710674,
                "avg_accuracy": 0.471
            }
        },
        "2": {
            "bag": {
                "count": 3,
                "avg_f1": 0.7987930146633172,
                "avg_accuracy": 0.803
            },
            "rf": {
                "count": 8,
                "avg_f1": 0.5376305454857749,
                "avg_accuracy": 0.5545625
            },
            "lr": {
                "count": 9,
                "avg_f1": 0.582799611184437,
                "avg_accuracy": 0.6000925925925926
            },
            "voting": {
                "count": 8,
                "avg_f1": 0.598903712956683,
                "avg_accuracy": 0.61425
            },
            "ridge": {
                "count": 1,
                "avg_f1": 0.469606238457871,
                "avg_accuracy": 0.484
            }
        },
        "3": {
            "bag": {
                "count": 3,
                "avg_f1": 0.8357838466407304,
                "avg_accuracy": 0.8416666666666667
            },
            "rf": {
                "count": 3,
                "avg_f1": 0.8012670029374259,
                "avg_accuracy": 0.803
            },
            "voting": {
                "count": 3,
                "avg_f1": 0.8330660213558783,
                "avg_accuracy": 0.8353333333333334
            }
        },
        "4": {
            "bag": {
                "count": 1,
                "avg_f1": 0.9322832848106837,
                "avg_accuracy": 0.932
            },
            "lr": {
                "count": 1,
                "avg_f1": 0.9322832848106837,
                "avg_accuracy": 0.932
            },
            "rf": {
                "count": 1,
                "avg_f1": 0.8813005712952403,
                "avg_accuracy": 0.881
            },
            "voting": {
                "count": 1,
                "avg_f1": 0.9284142625729074,
                "avg_accuracy": 0.928
            }
        }
    }
}