{
    "runs": 3,
    "layer_stats": {
        "1": {
            "lr": {
                "count": 3,
                "avg_f1": 0.9780367649853472
            },
            "nb": {
                "count": 1,
                "avg_f1": 0.9431117592284459
            },
            "et": {
                "count": 3,
                "avg_f1": 0.9790020088438413
            }
        },
        "2": {
            "lr": {
                "count": 3,
                "avg_f1": 0.9859964676064233
            },
            "rf": {
                "count": 2,
                "avg_f1": 0.8825802331984243
            },
            "ridge": {
                "count": 2,
                "avg_f1": 0.9889925687704426
            }
        },
        "3": {
            "ridge": {
                "count": 3,
                "avg_f1": 0.9819544325756948
            },
            "lr": {
                "count": 3,
                "avg_f1": 0.9843016448300776
            }
        },
        "4": {
            "ridge": {
                "count": 1,
                "avg_f1": 0.9769622018834273
            },
            "lr": {
                "count": 1,
                "avg_f1": 0.9698796536796537
            }
        },
        "5": {
            "ridge": {
                "count": 1,
                "avg_f1": 0.9810148850938225
            },
            "lr": {
                "count": 1,
                "avg_f1": 0.9760447902896076
            }
        },
        "6": {
            "rf": {
                "count": 1,
                "avg_f1": 0.9423272011622476
            },
            "lr": {
                "count": 1,
                "avg_f1": 0.9730333268697695
            },
            "ridge": {
                "count": 1,
                "avg_f1": 0.9800070130025336
            }
        },
        "7": {
            "rf": {
                "count": 1,
                "avg_f1": 0.93666816041648
            },
            "ridge": {
                "count": 1,
                "avg_f1": 0.9799823163327598
            },
            "lr": {
                "count": 1,
                "avg_f1": 0.9740467438012951
            }
        },
        "8": {
            "lr": {
                "count": 1,
                "avg_f1": 0.9679667641174156
            },
            "rf": {
                "count": 1,
                "avg_f1": 0.9527732908832963
            }
        },
        "9": {
            "ridge": {
                "count": 1,
                "avg_f1": 0.9779896492961946
            },
            "rf": {
                "count": 1,
                "avg_f1": 0.9589136385680883
            },
            "lr": {
                "count": 1,
                "avg_f1": 0.9720287885291942
            }
        },
        "10": {
            "ridge": {
                "count": 1,
                "avg_f1": 0.9800265415428199
            },
            "rf": {
                "count": 1,
                "avg_f1": 0.9610252805791102
            },
            "lr": {
                "count": 1,
                "avg_f1": 0.9600121115193203
            }
        },
        "11": {
            "ridge": {
                "count": 1,
                "avg_f1": 0.972033251053728
            },
            "lr": {
                "count": 1,
                "avg_f1": 0.9609828237359168
            }
        },
        "12": {
            "ridge": {
                "count": 1,
                "avg_f1": 0.9669979089408312
            },
            "lr": {
                "count": 1,
                "avg_f1": 0.966009157739342
            }
        }
    }
}