layer,model,accuracy,f1,duration
1,nb_L1,0.44166666666666665,0.41996606559987265,0.008467435836791992
2,lr_L2,0.4583333333333333,0.41398403605850403,0.0998537540435791
