layer,model,accuracy,f1,duration
1,nb_L1,0.539,0.5284186350350568,0.0071926116943359375
1,ridge_L1,0.533,0.512512854646871,0.04440426826477051
1,voting_L1,0.54,0.5256196206796958,0.004168272018432617
2,lr_L2,0.546,0.5294326943992276,0.06969523429870605
2,rf_L2,0.51,0.4916475097676198,1.0490400791168213
2,voting_L2,0.543,0.5251550187379118,0.06119537353515625
