layer,model,accuracy,f1,duration
1,et_L1,0.979,0.9790020088438413,122.43547081947327
1,lr_L1,0.978,0.9780367649853472,7.65643572807312
2,ridge_L2,0.989,0.9889925687704426,0.09360074996948242
2,lr_L2,0.988,0.9879943646567795,0.28124141693115234
3,lr_L3,0.99,0.9899948031435183,1.3024845123291016
3,ridge_L3,0.988,0.9879734852054137,0.10283875465393066
